{
  "S_1_1_MT": "07:50",
  "S_1_2_MT": "07:53",
  "S_1_3_MT": "08:30",
  "S_2_1_MT": "08:40",
  "S_2_2_MT": "08:43",
  "S_2_3_MT": "09:20",
  "S_3_1_MT": "09:30",
  "S_3_2_MT": "09:33",
  "S_3_3_MT": "10:10",
  "S_4_1_MT": "10:20",
  "S_4_2_MT": "10:23",
  "S_4_3_MT": "11:00",
  "S_5_1_MT": "11:10",
  "S_5_2_MT": "11:13",
  "S_5_3_MT": "11:50",
  "S_6_1_MT": "12:00",
  "S_6_2_MT": "12:03",
  "S_6_3_MT": "12:40",
  "S_7_1_MT": "__:__",
  "S_7_2_MT": "__:__",
  "S_7_3_MT": "__:__",
  "S_8_1_MT": "__:__",
  "S_8_2_MT": "__:__",
  "S_8_3_MT": "__:__",
  "O_1_1_MT": "13:00",
  "O_1_2_MT": "13:03",
  "O_1_3_MT": "13:40",
  "O_2_1_MT": "13:50",
  "O_2_2_MT": "13:53",
  "O_2_3_MT": "14:30",
  "O_3_1_MT": "14:40",
  "O_3_2_MT": "14:43",
  "O_3_3_MT": "15:20",
  "O_4_1_MT": "15:30",
  "O_4_2_MT": "15:33",
  "O_4_3_MT": "16:10",
  "O_5_1_MT": "16:20",
  "O_5_2_MT": "16:23",
  "O_5_3_MT": "17:00",
  "O_6_1_MT": "17:10",
  "O_6_2_MT": "17:13",
  "O_6_3_MT": "17:50",
  "O_7_1_MT": "__:__",
  "O_7_2_MT": "__:__",
  "O_7_3_MT": "__:__",
  "O_8_1_MT": "__:__",
  "O_8_2_MT": "__:__",
  "O_8_3_MT": "__:__",
  "SabahciSwitch": true,
  "OglenciSwitch": true,
  "OgretmenZili": {
    "Selection": "Melodi 6.wav",
    "Volume": 100
  },
  "OgrenciZili": {
    "Selection": "Melodi 5.wav",
    "Volume": 100
  },
  "TeneffusZili": {
    "Selection": "Melodi 1.wav",
    "Volume": 100
  }
}